<content>
  <imgSlide src="01.jpg" layout="horizontal" width="956" height="675"></imgSlide>
  <imgSlide src="02.jpg" layout="horizontal" width="956" height="675"></imgSlide>
  <imgSlide src="03.jpg" layout="horizontal" width="956" height="675"></imgSlide>
  <imgSlide src="04.jpg" layout="landscape" width="1200" height="427"></imgSlide>
  <imgSlide src="05.jpg" layout="horizontal" width="956" height="675"></imgSlide>
  <imgSlide src="06.jpg" layout="landscape" width="1200" height="427"></imgSlide>
  <imgSlide src="07.jpg" layout="horizontal" width="956" height="675"></imgSlide>
  <label title="Manipulated Network: Sketchbook"
         subTitle="Algorithmic Digital Prints"
         dimension="29.7 x 21 cm / 1024 x 1024"
         date="Mar, 2022">Paper, GAN generated imagery.
  </label>
  <!-- <link href="#" linkTitle="asvs"></link> -->
  <link href="https://github.com/jasper-zheng/manipulated-network-sketchbook" linkTitle="Github"></link>
  <text>
    'Manipulated Network: Sketchbook' collects images generated by human-disrupted StyleGAN models. These models are manipulated in different methods: Intermediate Latent Space Truncation, weight matrices manipulation and Network Bending. It includes subsequent images with descriptive configurations that could recreate the manipulated model.
  </text>
  <text>
    During the implementation of [Manipulated_Network], I’ve come across plenty of quirks and oddities generated from corrupted models. These models produce impossible, distorted but realistic images, diverted from the original outputs and sometimes lead to aesthetic preoccupations. Although utilising machine autonomous, creating this collection is still like a craft: I marked configurations that cause these semantically meaningful results, tweaked and built the operation template again, and then re-examined the subsequent images. The decisions can be either arbitrary or intentional, sometimes deliberate, all in order to create potentially aesthetic results.  </text>
  <text>
    During this process, I see the generative model as a tool, more like a pen or a camera operating according to human instructions.
  </text>
  <text>
    Therefore, I hope to use a sketchbook as a medium to house these cooperated images.
  </text>
  <text>
    While delicate programs autonomously produce artworks, human elements can quickly be hidden by algorithmic processes. Therefore, I see Manipulated Network: Sketchbook as an artistic technique to emphasise human elements in artworks created by generative models, expose individual variability, and find balances between machine autonomy and human creativity.
  </text>




</content>
