<content>
  <imgSlide src="01.jpg" layout="horizontal" width="1200" height="800"></imgSlide>
  <imgSlide src="02.jpg" layout="horizontal" width="643" height="900"></imgSlide>
  <imgSlide src="03.jpg" layout="horizontal" width="1000" height="667"></imgSlide>
  <label title="Micro Things"
         subTitle="Installation"
         dimension="45 x 60 x 150 cm"
         date="Dec, 2019">Empty Receipt Slips
  </label>
  <!-- <link href="#" linkTitle="asvs"></link>
  <link href="#" linkTitle="asvs"></link> -->
  <text>

  </text>




</content>
