<content>
  <imgSlide src="01.gif" layout="landscape" width="818" height="460"></imgSlide>
  <imgSlide src="02.jpg" layout="landscape" width="1000" height="563"></imgSlide>
  <imgSlide src="03.jpg" layout="landscape" width="1000" height="563"></imgSlide>
  <imgSlide src="04.jpg" layout="landscape" width="1000" height="563"></imgSlide>
  <!-- <imgSlide src="03.jpg" layout="horizontal" width="1200" height="800"></imgSlide> -->
  <label title="PyAudible 1.1.0"
         subTitle="Data-over-sound Library"
         dimension="Python 3.6+"
         date="May, 2021">Sending and Receiving Data using Audible Sound
  </label>
  <link href="https://github.com/jasper-zheng/PyAudible" linkTitle="Github"></link>
  <text>
    A Python library for sending and receiving data using audible sound. PyAudible includes a transmitter and a receiver module that could be implemented on multiple devices, enables the transmission of small amounts of data between separated systems in the vicinity.
  </text>
  <text>
    It implements a Multi-channel Carrier Modulation protocol, allows a configurable transmitting speed between 5 - 20 bytes/sec. It uses Cyclic Redundancy Check (CRC) to ensure reliable data delivery.  </text>
  <text>
    The transmitter and the receiver provide simplified Python interface that could be easily integrated in various other projects, possible scenarios includes:  </text>
  <text>
    Smart Home Appliances (IoT)
  </text>
  <text>
    Data Broadcasting
  </text>
  <text>
    Device Pairing
  </text>
  <text>
    Electronic Key Sharing
  </text>

</content>
