<content>
  <imgSlide src="01.gif" layout="landscape" width="564" height="240"></imgSlide>
  <imgSlide src="02.jpg" layout="horizontal" width="1000" height="1000"></imgSlide>
  <!-- <imgSlide src="03.jpg" layout="horizontal"></imgSlide> -->
  <label title="Season Chenges EP 季节变化"
         subTitle="Dance / Electronics"
         date="Jan, 2021">
  </label>
  <link href="https://music.163.com/song?id=1822908671" linkTitle="网易云音乐 >>"></link>
  <link href="https://open.spotify.com/track/4NfKpmMgsyxeH3kUWku2nh?si=511726443ba8439a" linkTitle="Spotify >>"></link>
  <text>
    01 Rainy Days 下雨季
  </text>
  <text>
    02 Matches 火柴 Pt.2
  </text>
  <text>
    03 Bear In The Den 房间里的熊
  </text>
  <text>
    04 Ain't No Way Up 向上看
  </text>
  <text>
    05 Autumn Goodbye
  </text>


  <music plt="spotify"
         src="https://open.spotify.com/embed/album/5vHXwFbrto3ktGejdJ9HJO"
         width="380"
         height="300"
         frameborder="0"
         allowtransparency="true"
         allow="encrypted-media">
  </music>

  <!-- <iframe src="https://open.spotify.com/embed/track/4NfKpmMgsyxeH3kUWku2nh"
          width="300"
          height="380"
          frameborder="0"
          allowtransparency="true"
          allow="encrypted-media">
        </iframe> -->

</content>
