<content>
  <press-list>
    <press title="Manipulated Network"
           date="Mar, 2022"
           subtitle="Algorithmic Digital Images"
           isVisableInPress="true"
           layout="vertical"
           imgSrc="../src/press_img/manipulated_network_sketchbook_press_cover.jpg"
           link="works/manipulated-network-sketchbook">
    </press>

    <press title="↑↑↑%"
           date="Dec, 2021"
           subtitle="Algorithmic Sound Installation"
           isVisableInPress="true"
           layout="horizontal"
           imgSrc="../src/press_img/up_percent_press_cover.jpg"
           link="works/up-percent">
    </press>

    <press title="What Is Memory?"
           date="Oct, 2020"
           subtitle="Algorithmic Audiovisual Installation"
           isVisableInPress="true"
           layout="vertical"
           imgSrc="../src/press_img/what_is_memory_press_cover.jpg"
           link="works/what-is-memory">
    </press>



    <press title="The Third Dashboard"
           date="Dec, 2019"
           subtitle="Algorithmic Composition"
           isVisableInPress="true"
           layout="horizontal"
           imgSrc="../src/press_img/dashboard_press_cover.jpg"
           link="works/the-third-dashboard">
    </press>

    <press title="Micro Things"
           date="Dec, 2019"
           subtitle="Installation"
           isVisableInPress="true"
           layout="horizontal"
           imgSrc="../src/press_img/micro_things_press_cover.jpg"
           link="works/micro-things">
    </press>

  </press-list>



  <press-list>

    <press title="pix2StyleGAN3"
           date="Oct, 2022"
           subtitle="Generative Deep Neural Network"
           isVisableInPress="true"
           layout="vertical"
           imgSrc="../src/press_img/p2s3_press_cover.jpg"
           link="research/p2s3">
    </press>

    <press title="Feature Rewriting"
           date="May, 2022"
           subtitle="Generative Deep Neural Network"
           isVisableInPress="true"
           layout="vertical"
           imgSrc="../src/press_img/rewriting_press_cover.jpg"
           link="research/rewriting">
    </press>


    <press title="PyAudible"
           date="May, 2021"
           subtitle="Data-over-sound Library"
           isVisableInPress="true"
           layout="vertical"
           imgSrc="../src/press_img/pyaudible_press_cover.jpg"
           link="research/pyaudible">
    </press>


  </press-list>


  <press-list>

    <press title="Seasons Change EP"
           date="Jan, 2021"
           subtitle="Music Album"
           isVisableInPress="true"
           layout="vertical"
           imgSrc="../src/press_img/seasons_change_press_cover.jpg"
           link="music/season-changes-ep">
    </press>

    <press title="Dear Reality EP"
           date="Aug, 2019"
           subtitle="Music Album"
           isVisableInPress="true"
           layout="horizontal"
           imgSrc="../src/press_img/matches_press_cover.jpg"
           link="music/dear-reality-ep">
    </press>

  </press-list>


  <press-list>

    <press title="The Landing EP"
           date="May, 2019"
           subtitle="3D Renders"
           isVisableInPress="true"
           layout="vertical"
           imgSrc="../src/press_img/the_landing_ep_press_cover.jpg"
           link="graphics/the-landing-ep">
    </press>

  </press-list>
</content>
