<content>
  <imgSlide src="05.jpg" layout="horizontal" width="1000" height="667"></imgSlide>
  <imgSlide src="06.jpg" layout="horizontal" width="1500" height="1000"></imgSlide>
  <imgSlide src="07.jpg" layout="horizontal" width="733" height="1100"></imgSlide>
  <imgSlide src="01.jpg" layout="landscape" width="1000" height="512"></imgSlide>
  <imgSlide src="02.jpg" layout="landscape" width="1000" height="512"></imgSlide>
  <!-- <imgSlide src="03.jpg" layout="horizontal" width="671" height="900"></imgSlide> -->
  <imgSlide src="04.jpg" layout="landscape" width="1000" height="512"></imgSlide>
  <label title="StyleGAN-Canvas"
         subTitle="Real-time Generative AI Framework"
         dimension="PyTorch, CUDA toolkit"
         date="Oct, 2022">StyleGAN-Canvas: Image-conditional StyleGAN Canvas for Real-time Human-AI Co-Creation
  </label>
  <link href="https://github.com/jasper-zheng/pix2styleGAN3/blob/main/msc_thesis_jasper.pdf" linkTitle="Paper"></link>
  <link href="https://github.com/jasper-zheng/pix2styleGAN3" linkTitle="Codes"></link>
  <text>
    hidden
  </text>

</content>
