<content>
  <imgSlide src="01.jpg" layout="landscape" width="1200" height="675"></imgSlide>
  <imgSlide src="02.jpg" layout="horizontal" width="1200" height="800"></imgSlide>
  <imgSlide src="04.jpg" layout="horizontal" width="1000" height="667"></imgSlide>
  <imgSlide src="03.jpg" layout="landscape" width="1200" height="675"></imgSlide>
  <label title="↑↑↑%"
         subTitle="Algorithmic Sound installation"
         dimension="Dimensions variable"
         date="Dec, 2021">custom plants, hand-made light blubs, glass jar, ESP32, MPR121, soil moisture sensor, photoresistor, PCBs, Mozzi library, amplifiers, speakers, alkaline batteries
  </label>
  <!-- <link href="#" linkTitle="asvs"></link>
  <link href="#" linkTitle="asvs"></link> -->
  <text>
    ↑↑↑% (up percent) is a sound installation that reveals possible interactions of natural systems, sound and humans.
  </text>
  <text>
    The assembled installation is sensitive to changes in the electrostatic field, which can be triggered by either a soft touch from humans, wind, moisturisation, or the invisible turbulence inside the vessels and vines. Measured changes control parameters of the digitally synthesised sound (oscillation frequencies, LFO rates, modulation index).
  </text>
  <text>
    The sound is real-time generated by the Mozzi library running on a microcontroller (ESP32). The output signal from the DAC is amplified by a mono D amplifier PAM8302.
  </text>
  <text>
    ↑↑↑% attempts to aestheticise the chaotic dynamics in the physical world. As we program our digital system to generate noise procedurally, we are more than welcome to take the input from natural systems and trigger undetectable patterns.
  </text>

  <video plt="vimeo"
         src="https://player.vimeo.com/video/651819815"
         width="384"
         height="384"
         frameborder="0">
  </video>

</content>
